{
  "POST create order v4" : {
    "transaction" : "POST create order v4",
    "sampleCount" : 2694,
    "errorCount" : 0,
    "errorPct" : 0.0,
    "meanResTime" : 55583.7780252412,
    "medianResTime" : 69523.0,
    "minResTime" : 481.0,
    "maxResTime" : 70359.0,
    "pct1ResTime" : 70283.0,
    "pct2ResTime" : 70314.0,
    "pct3ResTime" : 70333.05,
    "throughput" : 14.255929387111454,
    "receivedKBytesPerSec" : 2.4502378634097814,
    "sentKBytesPerSec" : 4.872632114735361
  },
  "Total" : {
    "transaction" : "Total",
    "sampleCount" : 2694,
    "errorCount" : 0,
    "errorPct" : 0.0,
    "meanResTime" : 55583.7780252412,
    "medianResTime" : 69523.0,
    "minResTime" : 481.0,
    "maxResTime" : 70359.0,
    "pct1ResTime" : 70283.0,
    "pct2ResTime" : 70314.0,
    "pct3ResTime" : 70333.05,
    "throughput" : 14.255929387111454,
    "receivedKBytesPerSec" : 2.4502378634097814,
    "sentKBytesPerSec" : 4.872632114735361
  }
}