{
  "POST create order v4" : {
    "transaction" : "POST create order v4",
    "sampleCount" : 1000,
    "errorCount" : 1000,
    "errorPct" : 100.0,
    "meanResTime" : 8.902,
    "medianResTime" : 8.0,
    "minResTime" : 5.0,
    "maxResTime" : 47.0,
    "pct1ResTime" : 11.0,
    "pct2ResTime" : 12.949999999999932,
    "pct3ResTime" : 32.98000000000002,
    "throughput" : 786.7820613690008,
    "receivedKBytesPerSec" : 148.28997836349333,
    "sentKBytesPerSec" : 268.9196498819827
  },
  "Total" : {
    "transaction" : "Total",
    "sampleCount" : 1000,
    "errorCount" : 1000,
    "errorPct" : 100.0,
    "meanResTime" : 8.902,
    "medianResTime" : 8.0,
    "minResTime" : 5.0,
    "maxResTime" : 47.0,
    "pct1ResTime" : 11.0,
    "pct2ResTime" : 12.949999999999932,
    "pct3ResTime" : 32.98000000000002,
    "throughput" : 786.7820613690008,
    "receivedKBytesPerSec" : 148.28997836349333,
    "sentKBytesPerSec" : 268.9196498819827
  }
}