{
  "POST create order v4" : {
    "transaction" : "POST create order v4",
    "sampleCount" : 999,
    "errorCount" : 0,
    "errorPct" : 0.0,
    "meanResTime" : 556.3253253253248,
    "medianResTime" : 589.0,
    "minResTime" : 26.0,
    "maxResTime" : 867.0,
    "pct1ResTime" : 837.0,
    "pct2ResTime" : 850.0,
    "pct3ResTime" : 858.0,
    "throughput" : 91.92123665807875,
    "receivedKBytesPerSec" : 15.798962550607287,
    "sentKBytesPerSec" : 31.418391435866763
  },
  "Total" : {
    "transaction" : "Total",
    "sampleCount" : 999,
    "errorCount" : 0,
    "errorPct" : 0.0,
    "meanResTime" : 556.3253253253248,
    "medianResTime" : 589.0,
    "minResTime" : 26.0,
    "maxResTime" : 867.0,
    "pct1ResTime" : 837.0,
    "pct2ResTime" : 850.0,
    "pct3ResTime" : 858.0,
    "throughput" : 91.92123665807875,
    "receivedKBytesPerSec" : 15.798962550607287,
    "sentKBytesPerSec" : 31.418391435866763
  }
}